order_id,customer,email,country,amount,quantity,status,order_date,age
1001,Ada Lovelace,ada@analytical.dev,USA,128.50,2,shipped,2024-11-02,36
1002,Grace Hopper, grace@navy.dev ,usa,"1,240.00",1, Shipped ,11/03/2024,45
1002,Grace Hopper, grace@navy.dev ,usa,"1,240.00",1, Shipped ,11/03/2024,45
1003,Katherine Johnson,katherine@nasa.dev,United States,$88.00,3,delivered,2024-11-04,58
1004,Edsger Dijkstra,edsger@tue.nl,Netherlands,240.00,1,pending,04/11/2024,52
1005,Margaret Hamilton,margaret@mit.dev,USA,"$310.25",2,Pending,2024-11-06,48
1006,Tim Berners-Lee,tim@w3.org,UK,99.00,1,shipped,2024-11-07,69
1007,Barbara Liskov,barbara@mit.dev,Uk,410.00,4,delivered,11/08/2024,80
1008,Alan Turing,alan@bletchley.dev,United Kingdom,75.50,1,shipped,2024-11-09,41
1009,Donald Knuth,donald@stanford.dev,usa,560.00,2,delivered,2024-11-10,86
1010,Frances Allen,frances@ibm.dev,United States,190.00,1,shipped,2024-11-11,72
1011,John Backus,john@ibm.dev,USA,42.00,6,pending,2024-11-12,N/A
1012,Jean Bartik,jean@eniac.dev,usa,615.40,1,Shipped,2024-11-13,66
1013,Adele Goldberg,adele@parc.dev,United States,128.00,2,delivered,2024/11/14,78
1014,Radia Perlman,radia@dell.dev,USA,256.00,1,shipped,2024-11-15,73
1015,Dennis Ritchie,dennis@bell.dev,United States,1000.00,1,delivered,2024-11-16,70
1016,Ken Thompson,ken@bell.dev,usa,333.33,3,pending,2024-11-17,81
1017,Brian Kernighan,brian@princeton.dev,USA,149.99,1,shipped,not-a-date,82
1018,Guido van Rossum,guido@python.dev,Netherlands,210.00,2,delivered,2024-11-19,68
1019,Linus Torvalds,linus@kernel.dev,Finland,89.00,1,shipped,2024-11-20,54
1020,Bjarne Stroustrup,bjarne@bell.dev,USA,475.00,1,Pending,2024-11-21,73
1021,James Gosling,james@sun.dev,Canada,260.00,2,shipped,2024-11-22,69
1022,Yukihiro Matsumoto,yukihiro@ruby.dev,Japan,180.00,1,delivered,2024-11-23,59
1023,Rasmus Lerdorf,rasmus@php.dev,Canada,95.00,3,shipped,2024-11-24,55
1024,Brendan Eich,brendan@js.dev,USA,520.00,1,delivered,2024-11-25,63
1025,Anders Hejlsberg,anders@ms.dev,Denmark,640.00,2,shipped,2024-11-26,63
1026,Martin Fowler,martin@thoughtworks.dev,United States,275.00,1,pending,2024-11-27,60
1027,Erich Gamma,erich@ibm.dev,Switzerland,188.00,1,shipped,2024-11-28,64
1028,Kent Beck,kent@three.dev,USA,132.00,2,delivered,2024-11-29,63
1029,Robert Martin,robert@cleancoder.dev,usa,990.00,1,shipped,2024-11-30,71
1030,Mary Shaw,mary@cmu.dev,United States,154.00,1,Shipped,2024-12-01,81
1031,Anita Borg,anita@systers.dev,USA,222.00,2,delivered,2024-12-02,
1032,Sophie Wilson,sophie@arm.dev,UK,310.00,1,pending,2024-12-03,67
1033,Hedy Lamarr,hedy@frequency.dev,United States,48.00,5,shipped,2024-12-04,85
